NA: Unrevised hansard,23-Oct-19,No summary available.,0NA: Unrevised hansard.txt
NA: Unrevised hansard,22-Oct-19,No summary available.,1NA: Unrevised hansard.txt
NA: Unrevised hansard,17-Oct-19,No summary available.,2NA: Unrevised hansard.txt
NCOP: Unrevised hansard,17-Oct-19,No summary available.,3NCOP: Unrevised hansard.txt
NCOP: Unrevised hansard,10-Oct-19,No summary available.,4NCOP: Unrevised hansard.txt
NA: Unrevised hansard,19-Sep-19,No summary available.,5NA: Unrevised hansard.txt
NA: Unrevised hansard,18-Sep-19,No summary available.,6NA: Unrevised hansard.txt
JS: Unrevised hansard,18-Sep-19,No summary available.,7JS: Unrevised hansard.txt
NA: Unrevised hansard,17-Sep-19,No summary available.,8NA: Unrevised hansard.txt
NCOP: Unrevised hansard,11-Sep-19,No summary available.,9NCOP: Unrevised hansard.txt
NA: Unrevised hansard,11-Sep-19,No summary available.,10NA: Unrevised hansard.txt
NA: Unrevised hansard,10-Sep-19,No summary available.,11NA: Unrevised hansard.txt
NCOP: Unrevised hansard,10-Sep-19,No summary available.,12NCOP: Unrevised hansard.txt
NA: Unrevised hansard,05-Sep-19,No summary available.,13NA: Unrevised hansard.txt
NCOP: Unrevised hansard,05-Sep-19,No summary available.,14NCOP: Unrevised hansard.txt
NA: Unrevised hansard,04-Sep-19,No summary available.,15NA: Unrevised hansard.txt
NA: Unrevised hansard,03-Sep-19,No summary available.,16NA: Unrevised hansard.txt
NCOP: Unrevised hansard,28-Aug-19,No summary available.,17NCOP: Unrevised hansard.txt
NCOP: Unrevised hansard,27-Aug-19,No summary available.,18NCOP: Unrevised hansard.txt
NA: Unrevised hansard,22-Aug-19,No summary available.,19NA: Unrevised hansard.txt
NCOP: Unrevised hansard,22-Aug-19,No summary available.,20NCOP: Unrevised hansard.txt
NCOP: Unrevised hansard,30-Jul-19,No summary available.,21NCOP: Unrevised hansard.txt
NCOP: Unrevised hansard,25-Jul-19,No summary available.,22NCOP: Unrevised hansard.txt
NA: Unrevised hansard,25-Jul-19,No summary available.,23NA: Unrevised hansard.txt
NCOP: Unrevised hansard,24-Jul-19,No summary available.,24NCOP: Unrevised hansard.txt
NCOP: Unrevised hansard,23-Jul-19,No summary available.,25NCOP: Unrevised hansard.txt
NA: Unrevised hansard,23-Jul-19,No summary available.,26NA: Unrevised hansard.txt
NA: Unrevised hansard,22-Jul-19,No summary available.,27NA: Unrevised hansard.txt
NA: Unrevised Hansard (EPC),18-Jul-19,No summary available.,28NA: Unrevised Hansard (EPC).txt
NA: Unrevised hansard,18-Jul-19,No summary available.,29NA: Unrevised hansard.txt
NA: Unrevised hansard,18-Jul-19,No summary available.,30NA: Unrevised hansard.txt
NA: Unrevised Hansard (EPC),18-Jul-19,No summary available.,31NA: Unrevised Hansard (EPC).txt
NA: Unrevised Hansard (EPC),17-Jul-19,No summary available.,32NA: Unrevised Hansard (EPC).txt
NA: Unrevised Hansard (EPC),17-Jul-19,No summary available.,33NA: Unrevised Hansard (EPC).txt
NA: Unrevised Hansard (EPC),17-Jul-19,No summary available.,34NA: Unrevised Hansard (EPC).txt
NA: Unrevised Hansard (EPC),16-Jul-19,No summary available.,35NA: Unrevised Hansard (EPC).txt
NA: Unrevised hansard,16-Jul-19,No summary available.,36NA: Unrevised hansard.txt
NA: Unrevised hansard,16-Jul-19,No summary available.,37NA: Unrevised hansard.txt
NA: Unrevised Hansard (EPC),16-Jul-19,No summary available.,38NA: Unrevised Hansard (EPC).txt
NA: Unrevised Hansard (EPC),16-Jul-19,No summary available.,39NA: Unrevised Hansard (EPC).txt
NA: Unrevised Hansard (EPC),12-Jul-19,No summary available.,40NA: Unrevised Hansard (EPC).txt
NA: Unrevised Hansard (EPC),12-Jul-19,No summary available.,41NA: Unrevised Hansard (EPC).txt
NA: Unrevised Hansard (EPC),12-Jul-19,No summary available.,42NA: Unrevised Hansard (EPC).txt
NA: Unrevised hansard,11-Jul-19,No summary available.,43NA: Unrevised hansard.txt
NA: Unrevised hansard,11-Jul-19,No summary available.,44NA: Unrevised hansard.txt
NCOP: Unrevised hansard,11-Jul-19,No summary available.,45NCOP: Unrevised hansard.txt
NA: Unrevised hansard,10-Jul-19,No summary available.,46NA: Unrevised hansard.txt
NA: Unrevised hansard,10-Jul-19,No summary available.,47NA: Unrevised hansard.txt
NA: Unrevised hansard,10-Jul-19,No summary available.,48NA: Unrevised hansard.txt
NA: Unrevised hansard,10-Jul-19,No summary available.,49NA: Unrevised hansard.txt
NA: Unrevised hansard,10-Jul-19,No summary available.,50NA: Unrevised hansard.txt
NA: Unrevised hansard,10-Jul-19,No summary available.,51NA: Unrevised hansard.txt
NA: Unrevised hansard,10-Jul-19,No summary available.,52NA: Unrevised hansard.txt
NA: Unrevised hansard,10-Jul-19,No summary available.,53NA: Unrevised hansard.txt
NA: Unrevised hansard,09-Jul-19,No summary available.,54NA: Unrevised hansard.txt
NA: Unrevised hansard,09-Jul-19,No summary available.,55NA: Unrevised hansard.txt
NA: Unrevised hansard,09-Jul-19,No summary available.,56NA: Unrevised hansard.txt
NCOP: Unrevised hansard,09-Jul-19,No summary available.,57NCOP: Unrevised hansard.txt
NCOP: Unrevised hansard,09-Jul-19,No summary available.,58NCOP: Unrevised hansard.txt
NA: Unrevised hansard,27-Jun-19,No summary available.,59NA: Unrevised hansard.txt
"By resolution of the National Assembly, the Bill was revived on this date ",27-Jun-19,No summary available.,"60By resolution of the National Assembly, the Bill was revived on this date .txt"
JS: Unrevised hansard,26-Jun-19,No summary available.,61JS: Unrevised hansard.txt
JS: Unrevised hansard,25-Jun-19,No summary available.,62JS: Unrevised hansard.txt
JS: Unrevised hansard,20-Jun-19,No summary available.,63JS: Unrevised hansard.txt
NCOP: Unrevised hansard,03-Jun-19,No summary available.,64NCOP: Unrevised hansard.txt
NCOP: Unrevised hansard,23-May-19,No summary available.,65NCOP: Unrevised hansard.txt
NA: Unrevised hansard,22-May-19,No summary available.,66NA: Unrevised hansard.txt
NCOP: Unrevised hansard,09-May-19,No summary available.,67NCOP: Unrevised hansard.txt
Bill lapsed in terms of National Assembly Rule 333 (2),07-May-19,No summary available.,68Bill lapsed in terms of National Assembly Rule 333 (2).txt
NCOP: Unrevised hansard,28-Mar-19,No summary available.,69NCOP: Unrevised hansard.txt
NA: Unrevised hansard,20-Mar-19,No summary available.,70NA: Unrevised hansard.txt
NCOP: Unrevised Hansard,19-Mar-19,No summary available.,71NCOP: Unrevised Hansard.txt
NA: Unrevised hansard,14-Mar-19,No summary available.,72NA: Unrevised hansard.txt
NA: Unrevised hansard,13-Mar-19,No summary available.,73NA: Unrevised hansard.txt
NA: Unrevised Hansard,12-Mar-19,No summary available.,74NA: Unrevised Hansard.txt
NA - Unrevised Hansard,07-Mar-19,No summary available.,75NA - Unrevised Hansard.txt
NA: Unrevised Hansard,06-Mar-19,No summary available.,76NA: Unrevised Hansard.txt
NCOP: Unrevised Hansard,06-Mar-19,No summary available.,77NCOP: Unrevised Hansard.txt
NA: Unrevised Hansard,05-Mar-19,No summary available.,78NA: Unrevised Hansard.txt
NA: Unrevised Hansard,28-Feb-19,No summary available.,79NA: Unrevised Hansard.txt
NCOP: Unrevised Hansard,28-Feb-19,No summary available.,80NCOP: Unrevised Hansard.txt
NA: Unrevised Hansard,27-Feb-19,No summary available.,81NA: Unrevised Hansard.txt
Unrevised Hansard,26-Feb-19,No summary available.,82Unrevised Hansard.txt
NA: Unrevised Hansard,21-Feb-19,No summary available.,83NA: Unrevised Hansard.txt
NA: Unrevised hansard,20-Feb-19,No summary available.,84NA: Unrevised hansard.txt
NA: Unrevised Hansard,19-Feb-19,No summary available.,85NA: Unrevised Hansard.txt
NA + NCOP - Unrevised Hansard,14-Feb-19,No summary available.,86NA + NCOP - Unrevised Hansard.txt
NA + NCOP - Unrevised Hansard,13-Feb-19,No summary available.,87NA + NCOP - Unrevised Hansard.txt
NA + NCOP - Unrevised Hansard,12-Feb-19,No summary available.,88NA + NCOP - Unrevised Hansard.txt
NA + NCOP - Unrevised Hansard,07-Feb-19,No summary available.,89NA + NCOP - Unrevised Hansard.txt